ID,Age,Sexo,Trabajo,Alojamiento,Cuenta de ahorros,Monto de credito,Duracion,Proposito,Riesgo
0,67,M,2,propio,NA,1169,6,radio/TV,bueno
1,22,F,2,propio,poco,5951,48,radio/TV,malo
2,49,M,1,propio,poco,2096,12,educacion,bueno
3,45,M,2,gratis,poco,7882,42,inmoviliario/equipo,bueno
4,53,M,2,gratis,poco,4870,24,carro,malo
5,35,M,1,gratis,NA,9055,36,educacion,bueno
6,53,M,2,propio,casi rico,2835,24,inmoviliario/equipo,bueno
7,35,M,3,rentado,poco,6948,36,carro,bueno
8,61,M,1,propio,rico,3059,12,radio/TV,bueno
9,28,M,3,propio,poco,5234,30,carro,malo
10,25,F,2,rentado,poco,1295,12,carro,malo
11,24,F,2,rentado,poco,4308,48,negocios,malo
12,22,F,2,propio,poco,1567,12,radio/TV,bueno
13,60,M,1,propio,poco,1199,24,carro,malo
14,28,F,2,rentado,poco,1403,15,carro,bueno
15,32,F,1,propio,moderado,1282,24,radio/TV,malo
16,53,M,2,propio,NA,2424,24,radio/TV,bueno
17,25,M,2,propio,NA,8072,30,negocios,bueno
18,44,F,3,gratis,poco,12579,24,carro,malo
19,31,M,2,propio,casi rico,3430,24,radio/TV,bueno
20,48,M,2,propio,poco,2134,9,carro,bueno
21,44,M,2,rentado,casi rico,2647,6,radio/TV,bueno
22,48,M,1,rentado,poco,2241,10,carro,bueno
23,44,M,2,propio,moderado,1804,12,carro,bueno
24,26,M,2,propio,NA,2069,10,inmoviliario/equipo,bueno
25,36,M,1,propio,poco,1374,6,inmoviliario/equipo,bueno
26,39,M,1,propio,poco,426,6,radio/TV,bueno
27,42,F,2,rentado,rico,409,12,radio/TV,bueno
28,34,M,2,propio,poco,2415,7,radio/TV,bueno
29,63,M,2,propio,poco,6836,60,negocios,malo
30,36,M,2,propio,rico,1913,18,negocios,bueno
31,27,M,2,propio,poco,4020,24,inmoviliario/equipo,bueno
32,30,M,2,propio,moderado,5866,18,carro,bueno
33,57,M,1,rentado,NA,1264,12,negocios,bueno
34,33,F,3,propio,poco,1474,12,inmoviliario/equipo,bueno
35,25,M,1,propio,poco,4746,45,radio/TV,malo
36,31,M,2,gratis,poco,6110,48,educacion,bueno
37,37,M,2,propio,poco,2100,18,radio/TV,malo
38,37,M,2,propio,poco,1225,10,usos domesticos,bueno
39,24,M,2,propio,poco,458,9,radio/TV,bueno
40,30,M,3,propio,casi rico,2333,30,radio/TV,bueno
41,26,M,2,propio,casi rico,1158,12,radio/TV,bueno
42,44,M,1,propio,poco,6204,18,refacciones,bueno
43,24,M,2,rentado,moderado,6187,30,carro,bueno
44,58,F,1,gratis,poco,6143,48,carro,malo
45,35,F,3,propio,poco,1393,11,carro,bueno
46,39,M,2,propio,casi rico,2299,36,radio/TV,bueno
47,23,F,0,rentado,casi rico,1352,6,carro,bueno
48,39,M,1,propio,poco,7228,11,carro,bueno
49,28,F,2,propio,moderado,2073,12,radio/TV,bueno
50,29,M,1,propio,NA,2333,24,inmoviliario/equipo,bueno
51,30,M,3,propio,poco,5965,27,carro,bueno
52,25,M,2,propio,poco,1262,12,radio/TV,bueno
53,31,M,2,propio,NA,3378,18,carro,bueno
54,57,M,2,gratis,poco,2225,36,carro,malo
55,26,M,1,propio,NA,783,6,carro,bueno
56,52,M,3,propio,NA,6468,12,radio/TV,malo
57,31,F,2,propio,poco,9566,36,radio/TV,bueno
58,23,F,3,propio,poco,1961,18,carro,bueno
59,23,F,1,rentado,poco,6229,36,inmoviliario/equipo,malo
60,27,M,2,propio,poco,1391,9,negocios,bueno
61,50,M,2,propio,NA,1537,15,radio/TV,bueno
62,61,M,3,gratis,poco,1953,36,negocios,malo
63,25,M,2,propio,poco,14421,48,negocios,malo
64,26,F,2,propio,poco,3181,24,radio/TV,bueno
65,48,M,2,propio,NA,5190,27,refacciones,bueno
66,29,F,2,propio,poco,2171,12,radio/TV,bueno
67,22,M,2,propio,rico,1007,12,carro,bueno
68,37,M,2,gratis,poco,1819,36,educacion,malo
69,25,F,2,propio,NA,2394,36,radio/TV,bueno
70,30,F,2,propio,poco,8133,36,carro,bueno
71,46,M,1,rentado,NA,730,7,radio/TV,bueno
72,51,M,3,gratis,poco,1164,8,vacaciones/otros,bueno
73,41,F,1,propio,poco,5954,42,negocios,bueno
74,40,M,3,propio,NA,1977,36,educacion,malo
75,66,M,3,gratis,poco,1526,12,carro,bueno
76,34,M,2,propio,poco,3965,42,radio/TV,malo
77,51,M,2,propio,poco,4771,11,radio/TV,bueno
78,39,M,1,propio,NA,9436,54,carro,bueno
79,22,M,2,propio,poco,3832,30,inmoviliario/equipo,bueno
80,44,F,2,propio,NA,5943,24,radio/TV,malo
81,47,M,2,propio,casi rico,1213,15,radio/TV,bueno
82,24,F,1,rentado,moderado,1568,18,negocios,bueno
83,58,F,1,propio,poco,1755,24,vacaciones/otros,bueno
84,52,M,1,propio,poco,2315,10,radio/TV,bueno
85,29,F,3,propio,poco,1412,12,negocios,bueno
86,27,F,2,propio,poco,1295,18,inmoviliario/equipo,bueno
87,47,M,2,gratis,moderado,12612,36,educacion,malo
88,30,M,3,propio,moderado,2249,18,carro,bueno
89,28,M,2,propio,poco,1108,12,refacciones,malo
90,56,M,2,propio,poco,618,12,radio/TV,bueno
91,54,M,2,propio,poco,1409,12,carro,bueno
92,33,F,1,propio,NA,797,12,radio/TV,malo
93,20,M,2,rentado,NA,3617,24,inmoviliario/equipo,bueno
94,54,M,2,propio,rico,1318,12,carro,bueno
95,58,M,2,rentado,poco,15945,54,negocios,malo
96,61,F,2,propio,NA,2012,12,educacion,bueno
97,34,M,2,propio,moderado,2622,18,negocios,bueno
98,36,M,2,propio,poco,2337,36,radio/TV,bueno
99,36,M,3,rentado,NA,7057,20,carro,bueno
100,41,M,1,rentado,moderado,1469,24,carro,bueno
101,24,M,2,rentado,poco,2323,36,radio/TV,bueno
102,24,F,2,propio,poco,932,6,radio/TV,bueno
103,35,M,2,rentado,poco,1919,9,inmoviliario/equipo,bueno
104,26,M,2,rentado,NA,2445,12,carro,bueno
105,39,M,3,propio,poco,11938,24,vacaciones/otros,malo
106,39,M,3,propio,poco,6458,18,carro,malo
107,32,M,2,propio,poco,6078,12,carro,bueno
108,30,F,2,propio,NA,7721,24,inmoviliario/equipo,bueno
109,35,M,2,propio,casi rico,1410,14,negocios,bueno
110,31,M,2,propio,moderado,1449,6,negocios,bueno
111,23,F,2,rentado,poco,392,15,educacion,bueno
112,28,M,1,rentado,poco,6260,18,carro,bueno
113,25,F,2,propio,poco,7855,36,carro,malo
114,35,M,2,propio,casi rico,1680,12,radio/TV,bueno
115,47,M,2,propio,NA,3578,48,radio/TV,bueno
116,30,F,3,propio,NA,7174,42,radio/TV,malo
117,27,F,2,rentado,NA,2132,10,inmoviliario/equipo,bueno
118,23,F,2,propio,casi rico,4281,33,inmoviliario/equipo,malo
119,36,M,3,propio,casi rico,2366,12,carro,bueno
120,25,F,2,propio,poco,1835,21,radio/TV,malo
121,41,F,3,rentado,poco,3868,24,carro,bueno
122,24,M,1,rentado,poco,1768,12,inmoviliario/equipo,bueno
123,63,M,2,gratis,poco,781,10,carro,bueno
124,27,F,2,rentado,NA,1924,18,inmoviliario/equipo,malo
125,30,M,2,propio,poco,2121,12,carro,bueno
126,40,M,1,propio,poco,701,12,radio/TV,bueno
127,30,M,2,propio,poco,639,12,refacciones,malo
128,34,M,3,propio,poco,1860,12,carro,bueno
129,29,F,2,propio,poco,3499,12,carro,malo
130,24,F,2,propio,NA,8487,48,carro,bueno
131,29,M,2,propio,poco,6887,36,educacion,malo
132,27,M,1,propio,poco,2708,15,inmoviliario/equipo,bueno
133,47,M,2,gratis,poco,1984,18,inmoviliario/equipo,bueno
134,21,F,2,propio,moderado,10144,60,radio/TV,bueno
135,38,F,2,propio,NA,1240,12,radio/TV,bueno
136,27,M,2,propio,rico,8613,27,carro,bueno
137,66,M,1,propio,casi rico,766,12,radio/TV,malo
138,35,M,2,propio,NA,2728,15,radio/TV,bueno
139,44,F,1,rentado,poco,1881,12,radio/TV,bueno
140,27,M,0,propio,rico,709,6,carro,bueno
141,30,F,3,propio,poco,4795,36,radio/TV,bueno
142,27,M,3,propio,poco,3416,27,radio/TV,bueno
143,22,M,2,propio,poco,2462,18,inmoviliario/equipo,malo
144,23,F,2,propio,poco,2288,21,inmoviliario/equipo,bueno
145,30,M,2,propio,moderado,3566,48,negocios,bueno
146,39,F,2,propio,poco,860,6,carro,bueno
147,51,F,2,propio,moderado,682,12,carro,bueno
148,28,M,2,propio,poco,5371,36,inmoviliario/equipo,bueno
149,46,M,2,propio,rico,1582,18,radio/TV,bueno
150,42,M,2,gratis,moderado,1346,6,radio/TV,bueno
151,38,M,2,propio,poco,1924,10,radio/TV,bueno
152,24,M,2,propio,poco,5848,36,radio/TV,bueno
153,29,F,2,rentado,rico,7758,24,carro,bueno
154,36,M,3,rentado,moderado,6967,24,negocios,bueno
155,20,F,2,rentado,poco,1282,12,inmoviliario/equipo,malo
156,48,M,2,propio,moderado,1288,9,refacciones,bueno
157,45,M,1,propio,poco,339,12,educacion,bueno
158,38,M,2,propio,moderado,3512,24,carro,bueno
159,34,M,1,propio,NA,1898,6,radio/TV,bueno
160,36,M,2,propio,moderado,2872,24,radio/TV,bueno
161,30,F,2,propio,poco,1055,18,carro,bueno
162,36,M,2,propio,casi rico,1262,15,usos domesticos,bueno
163,70,M,3,gratis,poco,7308,10,carro,bueno
164,36,M,2,propio,casi rico,909,36,carro,bueno
165,32,M,2,propio,casi rico,2978,6,inmoviliario/equipo,bueno
166,33,F,2,propio,poco,1131,18,inmoviliario/equipo,malo
167,20,F,2,propio,rico,1577,11,inmoviliario/equipo,bueno
168,25,F,2,rentado,poco,3972,24,inmoviliario/equipo,bueno
169,31,M,2,propio,poco,1935,24,negocios,malo
170,33,M,2,rentado,poco,950,15,carro,malo
171,26,F,2,propio,poco,763,12,inmoviliario/equipo,bueno
172,34,F,3,propio,poco,2064,24,inmoviliario/equipo,malo
173,33,M,2,propio,poco,1414,8,radio/TV,bueno
174,26,M,2,propio,poco,3414,21,educacion,malo
175,53,F,3,propio,NA,7485,30,carro,malo
176,42,M,2,propio,poco,2577,12,inmoviliario/equipo,bueno
177,52,M,2,propio,casi rico,338,6,radio/TV,bueno
178,31,M,3,rentado,poco,1963,12,radio/TV,bueno
179,65,M,2,propio,poco,571,21,carro,bueno
180,28,M,2,propio,poco,9572,36,negocios,malo
181,30,M,3,propio,poco,4455,36,negocios,malo
182,40,M,1,propio,NA,1647,21,carro,malo
183,50,M,2,propio,rico,3777,24,inmoviliario/equipo,bueno
184,36,M,2,propio,poco,884,18,carro,malo
185,31,M,2,propio,poco,1360,15,radio/TV,bueno
186,74,F,3,gratis,poco,5129,9,carro,malo
187,68,M,0,gratis,poco,1175,16,carro,bueno
188,20,M,2,propio,moderado,674,12,radio/TV,malo
189,33,F,2,propio,poco,3244,18,inmoviliario/equipo,bueno
190,54,M,3,propio,rico,4591,24,negocios,malo
191,34,M,1,gratis,moderado,3844,48,negocios,malo
192,36,M,2,propio,poco,3915,27,negocios,malo
193,29,M,2,rentado,poco,2108,6,radio/TV,bueno
194,21,M,2,rentado,moderado,3031,45,radio/TV,malo
195,34,F,3,propio,poco,1501,9,educacion,malo
196,28,F,2,propio,poco,1382,6,radio/TV,bueno
197,27,F,2,rentado,moderado,951,12,inmoviliario/equipo,malo
198,36,M,2,gratis,NA,2760,24,carro,bueno
199,40,M,3,propio,poco,4297,18,inmoviliario/equipo,malo
200,52,M,2,propio,casi rico,936,9,educacion,bueno
201,27,M,1,propio,poco,1168,12,carro,bueno
202,26,M,2,propio,poco,5117,27,negocios,bueno
203,21,M,2,rentado,poco,902,12,educacion,malo
204,38,M,1,propio,poco,1495,12,carro,bueno
205,38,M,3,gratis,poco,10623,30,carro,bueno
206,43,M,2,propio,poco,1935,12,inmoviliario/equipo,bueno
207,26,M,2,propio,poco,1424,12,usos domesticos,bueno
208,21,M,1,propio,poco,6568,24,negocios,bueno
209,55,M,2,propio,rico,1413,12,carro,bueno
210,33,M,2,propio,NA,3074,9,radio/TV,bueno
211,45,F,1,propio,NA,3835,36,radio/TV,bueno
212,50,M,2,propio,poco,5293,27,negocios,malo
213,66,M,3,propio,poco,1908,30,negocios,malo
214,51,M,2,propio,NA,3342,36,radio/TV,bueno
215,39,F,1,propio,NA,932,6,educacion,bueno
216,31,M,2,propio,poco,3104,18,negocios,bueno
217,23,M,2,propio,poco,3913,36,radio/TV,bueno
218,24,M,1,rentado,poco,3021,24,inmoviliario/equipo,bueno
219,64,F,2,propio,poco,1364,10,carro,bueno
220,26,M,1,propio,poco,625,12,radio/TV,bueno
221,23,F,2,rentado,NA,1200,12,educacion,bueno
222,30,M,2,propio,poco,707,12,radio/TV,bueno
223,32,M,2,propio,NA,2978,24,negocios,bueno
224,30,M,2,propio,poco,4657,15,carro,bueno
225,27,M,2,propio,poco,2613,36,refacciones,bueno
226,27,M,2,propio,rico,10961,48,radio/TV,malo
227,53,M,3,gratis,poco,7865,12,inmoviliario/equipo,malo
228,22,M,2,propio,poco,1478,9,radio/TV,malo
229,22,M,2,gratis,poco,3149,24,inmoviliario/equipo,bueno
230,26,M,2,propio,poco,4210,36,radio/TV,malo
231,51,M,1,gratis,casi rico,2507,9,carro,bueno
232,35,M,2,propio,moderado,2141,12,radio/TV,bueno
233,25,M,1,propio,poco,866,18,radio/TV,bueno
234,42,M,1,propio,poco,1544,4,radio/TV,bueno
235,30,M,3,propio,poco,1823,24,radio/TV,malo
236,23,M,0,propio,NA,14555,6,carro,malo
237,61,M,1,rentado,moderado,2767,21,negocios,malo
238,35,F,2,propio,poco,1291,12,radio/TV,bueno
239,39,M,2,propio,poco,2522,30,radio/TV,bueno
240,29,F,2,propio,NA,915,24,carro,malo
241,51,M,2,propio,poco,1595,6,radio/TV,bueno
242,24,M,2,gratis,poco,4605,48,carro,malo
243,27,F,2,propio,poco,1185,12,negocios,bueno
244,35,F,1,propio,casi rico,3447,12,educacion,bueno
245,25,M,2,propio,poco,1258,24,negocios,bueno
246,52,M,2,propio,poco,717,12,radio/TV,bueno
247,35,M,2,rentado,moderado,1204,6,carro,bueno
248,26,M,2,propio,poco,1925,24,inmoviliario/equipo,bueno
249,22,F,2,rentado,poco,433,18,radio/TV,malo
250,39,F,1,propio,rico,666,6,carro,bueno
251,46,F,1,propio,poco,2251,12,inmoviliario/equipo,bueno
252,24,F,2,propio,poco,2150,30,carro,malo
253,35,M,2,propio,moderado,4151,24,inmoviliario/equipo,bueno
254,24,M,2,propio,NA,2030,9,inmoviliario/equipo,bueno
255,27,M,1,propio,NA,7418,60,radio/TV,bueno
256,35,M,1,propio,poco,2684,24,radio/TV,bueno
257,29,M,2,gratis,poco,2149,12,radio/TV,malo
258,23,F,2,propio,moderado,3812,15,carro,bueno
259,57,F,1,propio,moderado,1154,11,radio/TV,bueno
260,27,M,2,propio,poco,1657,12,inmoviliario/equipo,bueno
261,55,F,2,propio,poco,1603,24,radio/TV,bueno
262,36,M,3,gratis,poco,5302,18,carro,bueno
263,57,F,1,gratis,poco,2748,12,educacion,bueno
264,32,M,1,propio,poco,1231,10,carro,bueno
265,37,M,2,propio,poco,802,15,radio/TV,malo
266,36,M,2,propio,NA,6304,36,negocios,bueno
267,38,F,2,propio,poco,1533,24,radio/TV,bueno
268,45,M,3,propio,poco,8978,14,carro,malo
269,25,M,2,propio,NA,999,24,radio/TV,bueno
270,32,M,2,propio,NA,2662,18,carro,bueno
271,37,F,2,rentado,casi rico,1402,12,inmoviliario/equipo,bueno
272,36,M,3,gratis,NA,12169,48,carro,bueno
273,28,M,2,propio,poco,3060,48,radio/TV,malo
274,34,M,1,propio,poco,11998,30,refacciones,malo
275,32,M,2,propio,poco,2697,9,radio/TV,bueno
276,26,F,2,propio,poco,2404,18,radio/TV,bueno
277,49,M,1,propio,NA,1262,12,inmoviliario/equipo,bueno
278,32,F,2,propio,poco,4611,6,inmoviliario/equipo,malo
279,29,M,3,rentado,moderado,1901,24,radio/TV,bueno
280,23,M,2,rentado,rico,3368,15,carro,bueno
281,50,M,2,propio,poco,1574,12,inmoviliario/equipo,bueno
282,49,M,1,propio,NA,1445,18,radio/TV,bueno
283,63,M,2,propio,NA,1520,15,inmoviliario/equipo,bueno
284,37,M,2,propio,moderado,3878,24,carro,bueno
285,35,F,1,propio,poco,10722,47,carro,bueno
286,26,M,2,propio,poco,4788,48,carro,bueno
287,31,M,3,gratis,moderado,7582,48,vacaciones/otros,bueno
288,49,F,2,propio,poco,1092,12,radio/TV,bueno
289,48,M,2,propio,poco,1024,24,radio/TV,malo
290,26,M,2,propio,poco,1076,12,negocios,bueno
291,28,M,3,rentado,poco,9398,36,carro,malo
292,44,F,3,gratis,poco,6419,24,carro,bueno
293,56,M,2,gratis,poco,4796,42,carro,bueno
294,46,M,3,propio,NA,7629,48,negocios,bueno
295,26,F,2,propio,poco,9960,48,inmoviliario/equipo,malo
296,20,F,2,rentado,NA,4675,12,carro,bueno
297,45,M,1,propio,NA,1287,10,carro,bueno
298,43,M,2,propio,poco,2515,18,inmoviliario/equipo,bueno
299,32,M,2,propio,rico,2745,21,inmoviliario/equipo,bueno
300,54,F,0,propio,poco,672,6,carro,bueno
301,42,F,2,propio,poco,3804,36,radio/TV,malo
302,37,M,1,propio,NA,1344,24,carro,malo
303,49,M,2,propio,poco,1038,10,carro,bueno
304,44,M,2,gratis,casi rico,10127,48,carro,malo
305,33,M,2,propio,rico,1543,6,inmoviliario/equipo,bueno
306,24,F,1,rentado,NA,4811,30,carro,bueno
307,33,M,1,propio,moderado,727,12,radio/TV,malo
308,24,F,2,propio,poco,1237,8,inmoviliario/equipo,malo
309,22,M,1,rentado,poco,276,9,carro,bueno
310,40,M,0,gratis,NA,5381,48,vacaciones/otros,bueno
311,25,M,2,propio,moderado,5511,24,inmoviliario/equipo,bueno
312,26,F,2,propio,poco,3749,24,inmoviliario/equipo,bueno
313,25,M,1,propio,poco,685,12,carro,malo
314,29,M,1,propio,NA,1494,4,carro,bueno
315,31,M,2,propio,poco,2746,36,inmoviliario/equipo,malo
316,38,M,1,propio,poco,708,12,inmoviliario/equipo,bueno
317,48,F,1,propio,NA,4351,24,inmoviliario/equipo,bueno
318,32,M,2,propio,poco,701,12,educacion,bueno
319,27,F,1,propio,poco,3643,15,inmoviliario/equipo,bueno
320,28,M,3,propio,poco,4249,30,carro,malo
321,32,M,2,propio,poco,1938,24,radio/TV,malo
322,34,M,3,gratis,poco,2910,24,carro,bueno
323,28,M,2,propio,rico,2659,18,inmoviliario/equipo,bueno
324,36,F,2,propio,poco,1028,18,carro,bueno
325,39,M,1,propio,poco,3398,8,carro,bueno
326,49,M,2,rentado,NA,5801,12,inmoviliario/equipo,bueno
327,34,F,2,propio,rico,1525,24,carro,bueno
328,31,M,2,propio,poco,4473,36,radio/TV,bueno
329,28,M,2,propio,poco,1068,6,radio/TV,bueno
330,75,M,3,gratis,poco,6615,24,carro,bueno
331,30,F,2,propio,moderado,1864,18,educacion,malo
332,24,F,3,propio,moderado,7408,60,carro,malo
333,24,F,1,rentado,moderado,11590,48,carro,malo
334,23,M,2,rentado,poco,4110,24,inmoviliario/equipo,malo
335,44,M,3,rentado,poco,3384,6,inmoviliario/equipo,malo
336,23,F,1,propio,poco,2101,13,radio/TV,bueno
337,24,F,2,rentado,NA,1275,15,usos domesticos,malo
338,28,M,2,propio,poco,4169,24,inmoviliario/equipo,bueno
339,31,M,1,propio,poco,1521,10,inmoviliario/equipo,bueno
340,24,F,2,gratis,poco,5743,24,educacion,bueno
341,26,F,1,rentado,poco,3599,21,inmoviliario/equipo,bueno
342,25,M,2,rentado,casi rico,3213,18,radio/TV,bueno
343,33,M,3,propio,poco,4439,18,negocios,bueno
344,37,M,1,propio,poco,3949,10,carro,bueno
345,43,F,1,propio,poco,1459,15,radio/TV,bueno
346,23,M,2,propio,poco,882,13,radio/TV,bueno
347,23,F,0,rentado,casi rico,3758,24,radio/TV,bueno
348,34,M,1,propio,moderado,1743,6,negocios,bueno
349,32,M,2,gratis,rico,1136,9,educacion,malo
350,23,F,2,rentado,poco,1236,9,usos domesticos,bueno
351,29,F,2,propio,poco,959,9,inmoviliario/equipo,malo
352,38,M,3,propio,NA,3229,18,carro,bueno
353,28,M,2,rentado,poco,6199,12,radio/TV,malo
354,46,M,2,gratis,casi rico,727,10,educacion,bueno
355,23,M,1,propio,poco,1246,24,carro,malo
356,49,M,2,propio,NA,2331,12,radio/TV,bueno
357,26,M,3,propio,poco,4463,36,radio/TV,malo
358,28,M,2,propio,poco,776,12,radio/TV,bueno
359,23,F,2,rentado,poco,2406,30,inmoviliario/equipo,malo
360,61,M,2,gratis,NA,1239,18,educacion,bueno
361,37,M,3,propio,NA,3399,12,radio/TV,bueno
362,36,F,2,propio,poco,2247,12,carro,bueno
363,21,M,2,rentado,poco,1766,6,inmoviliario/equipo,bueno
364,25,M,0,propio,poco,2473,18,inmoviliario/equipo,malo
365,36,M,2,propio,poco,1542,12,negocios,bueno
366,27,M,2,propio,poco,3850,18,carro,bueno
367,22,F,2,rentado,poco,3650,18,inmoviliario/equipo,bueno
368,42,M,2,propio,poco,3446,36,inmoviliario/equipo,malo
369,40,F,2,rentado,poco,3001,18,inmoviliario/equipo,bueno
370,36,M,2,propio,NA,3079,36,carro,bueno
371,33,M,2,propio,poco,6070,18,radio/TV,bueno
372,23,F,2,rentado,poco,2146,10,inmoviliario/equipo,bueno
373,63,M,3,gratis,NA,13756,60,carro,bueno
374,60,F,3,gratis,moderado,14782,60,vacaciones/otros,malo
375,37,F,2,rentado,poco,7685,48,negocios,malo
376,34,M,2,propio,poco,2320,18,radio/TV,bueno
377,36,M,2,gratis,NA,846,7,radio/TV,bueno
378,57,M,3,gratis,poco,14318,36,carro,malo
379,52,F,1,propio,moderado,362,6,carro,bueno
380,39,M,2,propio,NA,2212,20,inmoviliario/equipo,bueno
381,38,F,3,gratis,poco,12976,18,carro,malo
382,25,F,2,rentado,NA,1283,22,carro,bueno
383,26,M,2,propio,poco,1330,12,carro,bueno
384,26,M,1,propio,moderado,4272,30,negocios,bueno
385,25,F,2,propio,poco,2238,18,radio/TV,bueno
386,21,F,2,rentado,NA,1126,18,radio/TV,bueno
387,40,M,3,propio,poco,7374,18,inmoviliario/equipo,bueno
388,27,M,2,propio,casi rico,2326,15,negocios,bueno
389,27,F,2,propio,poco,1449,9,negocios,bueno
390,30,M,3,propio,poco,1820,18,carro,bueno
391,19,F,1,rentado,rico,983,12,inmoviliario/equipo,bueno
392,39,M,3,gratis,poco,3249,36,carro,bueno
393,31,F,2,propio,poco,1957,6,radio/TV,bueno
394,31,M,3,propio,poco,2406,9,inmoviliario/equipo,bueno
395,32,M,2,rentado,moderado,11760,39,educacion,bueno
396,55,F,3,gratis,poco,2578,12,inmoviliario/equipo,bueno
397,46,M,2,propio,poco,2348,36,inmoviliario/equipo,bueno
398,46,M,2,rentado,poco,1223,12,carro,malo
399,43,F,1,propio,rico,1516,24,radio/TV,bueno
400,39,M,2,propio,poco,1473,18,radio/TV,bueno
401,28,M,2,propio,NA,1887,18,negocios,bueno
402,27,M,2,propio,poco,8648,24,negocios,malo
403,27,M,1,propio,poco,802,14,carro,bueno
404,43,M,2,propio,NA,2899,18,carro,bueno
405,22,M,2,propio,poco,2039,24,radio/TV,malo
406,43,M,2,propio,NA,2197,24,carro,bueno
407,27,M,2,propio,poco,1053,15,radio/TV,bueno
408,26,M,3,propio,casi rico,3235,24,radio/TV,bueno
409,28,M,2,propio,casi rico,939,12,carro,malo
410,20,F,2,propio,poco,1967,24,radio/TV,bueno
411,35,M,3,propio,poco,7253,33,carro,bueno
412,42,M,3,propio,poco,2292,12,negocios,malo
413,40,M,1,rentado,casi rico,1597,10,carro,bueno
414,35,F,2,propio,NA,1381,24,carro,malo
415,35,M,2,propio,poco,5842,36,carro,bueno
416,33,M,1,propio,poco,2579,12,carro,malo
417,23,F,2,rentado,NA,8471,18,educacion,bueno
418,31,F,3,propio,casi rico,2782,21,carro,bueno
419,33,F,2,propio,NA,1042,18,carro,malo
420,20,F,2,rentado,rico,3186,15,carro,bueno
421,30,M,2,propio,NA,2028,12,carro,bueno
422,47,M,1,propio,poco,958,12,carro,bueno
423,34,M,3,propio,moderado,1591,21,inmoviliario/equipo,bueno
424,25,F,2,propio,NA,2762,12,inmoviliario/equipo,malo
425,21,M,2,rentado,poco,2779,18,carro,bueno
426,29,M,2,propio,poco,2743,28,radio/TV,bueno
427,46,M,2,propio,rico,1149,18,radio/TV,bueno
428,20,M,2,propio,poco,1313,9,inmoviliario/equipo,bueno
429,55,F,0,gratis,poco,1190,18,refacciones,malo
430,74,M,1,propio,poco,3448,5,negocios,bueno
431,29,M,3,propio,poco,11328,24,vacaciones/otros,malo
432,36,M,3,gratis,poco,1872,6,inmoviliario/equipo,bueno
433,33,M,2,propio,poco,2058,24,refacciones,bueno
434,25,M,2,propio,poco,2136,9,inmoviliario/equipo,bueno
435,25,M,2,propio,NA,1484,12,radio/TV,malo
436,23,M,1,rentado,casi rico,660,6,refacciones,bueno
437,37,F,2,propio,rico,1287,24,carro,bueno
438,65,M,0,propio,poco,3394,42,refacciones,bueno
439,26,F,0,propio,poco,609,12,negocios,malo
440,39,M,3,propio,poco,1884,12,carro,bueno
441,30,F,2,propio,poco,1620,12,inmoviliario/equipo,bueno
442,29,M,2,propio,poco,2629,20,vacaciones/otros,bueno
443,41,M,1,propio,poco,719,12,educacion,malo
444,30,F,3,propio,poco,5096,48,inmoviliario/equipo,malo
445,41,F,1,rentado,NA,1244,9,educacion,bueno
446,34,F,2,propio,poco,1842,36,carro,malo
447,35,M,2,propio,poco,2576,7,radio/TV,bueno
448,55,F,3,propio,NA,1424,12,inmoviliario/equipo,bueno
449,61,M,2,propio,rico,1512,15,refacciones,malo
450,30,M,3,propio,NA,11054,36,carro,bueno
451,29,F,2,propio,poco,518,6,radio/TV,bueno
452,34,M,2,propio,poco,2759,12,inmoviliario/equipo,bueno
453,35,M,3,propio,poco,2670,24,carro,bueno
454,31,M,2,propio,poco,4817,24,carro,malo
455,29,F,3,propio,poco,2679,24,carro,bueno
456,36,M,2,rentado,poco,3905,11,carro,bueno
457,35,M,2,gratis,poco,3386,12,carro,malo
458,27,F,2,propio,poco,343,6,usos domesticos,bueno
459,32,M,2,propio,poco,4594,18,radio/TV,bueno
460,37,M,2,propio,poco,3620,36,inmoviliario/equipo,bueno
461,36,M,2,propio,poco,1721,15,carro,bueno
462,34,F,3,rentado,poco,3017,12,inmoviliario/equipo,bueno
463,38,M,2,propio,NA,754,12,educacion,bueno
464,34,M,2,propio,poco,1950,18,negocios,bueno
465,63,M,2,propio,poco,2924,24,carro,bueno
466,29,F,1,rentado,poco,1659,24,radio/TV,malo
467,32,M,2,propio,NA,7238,48,radio/TV,bueno
468,26,F,2,propio,poco,2764,33,negocios,bueno
469,35,M,1,propio,poco,4679,24,carro,bueno
470,22,M,2,rentado,moderado,3092,24,radio/TV,malo
471,23,F,2,propio,poco,448,6,educacion,malo
472,28,M,1,propio,poco,654,9,carro,malo
473,36,M,3,propio,NA,1238,6,educacion,bueno
474,33,M,2,propio,poco,1245,18,radio/TV,malo
475,26,F,2,rentado,poco,3114,18,inmoviliario/equipo,malo
476,24,M,2,propio,casi rico,2569,39,carro,bueno
477,25,M,2,propio,poco,5152,24,radio/TV,bueno
478,39,M,1,propio,moderado,1037,12,negocios,bueno
479,44,M,2,propio,poco,1478,15,inmoviliario/equipo,bueno
480,23,F,1,propio,poco,3573,12,radio/TV,bueno
481,26,M,2,propio,poco,1201,24,carro,bueno
482,57,F,2,rentado,rico,3622,30,inmoviliario/equipo,bueno
483,30,F,2,propio,rico,960,15,inmoviliario/equipo,bueno
484,44,M,2,propio,casi rico,1163,12,carro,bueno
485,47,M,3,propio,poco,1209,6,carro,malo
486,52,M,2,propio,poco,3077,12,radio/TV,bueno
487,62,F,2,gratis,poco,3757,24,carro,bueno
488,35,M,1,rentado,moderado,1418,10,carro,bueno
489,26,M,2,rentado,poco,3518,6,carro,bueno
490,26,M,2,propio,poco,1934,12,radio/TV,bueno
491,42,F,3,gratis,poco,8318,27,negocios,malo
492,27,F,2,propio,moderado,1237,6,radio/TV,bueno
493,38,M,2,propio,NA,368,6,radio/TV,bueno
494,39,M,1,rentado,poco,2122,12,carro,bueno
495,20,M,2,propio,NA,2996,24,inmoviliario/equipo,malo
496,29,M,3,rentado,moderado,9034,36,inmoviliario/equipo,malo
497,40,M,2,propio,poco,1585,24,inmoviliario/equipo,bueno
498,32,M,1,propio,poco,1301,18,radio/TV,bueno
499,28,M,2,propio,moderado,1323,6,carro,bueno
500,27,F,2,propio,poco,3123,24,carro,malo
501,42,M,2,gratis,poco,5493,36,carro,bueno
502,49,M,2,propio,moderado,1126,9,radio/TV,bueno
503,38,M,2,propio,moderado,1216,24,radio/TV,malo
504,24,F,2,rentado,poco,1207,24,carro,malo
505,27,M,1,propio,NA,1309,10,carro,malo
506,36,M,2,propio,casi rico,2360,15,carro,bueno
507,34,M,3,propio,moderado,6850,15,carro,malo
508,28,M,2,propio,poco,1413,24,radio/TV,bueno
509,45,M,3,propio,moderado,8588,39,carro,bueno
510,26,M,2,propio,poco,759,12,carro,malo
511,32,M,3,gratis,poco,4686,36,carro,bueno
512,26,M,2,rentado,poco,2687,15,negocios,bueno
513,20,M,2,rentado,poco,585,12,radio/TV,bueno
514,54,M,2,propio,NA,2255,24,carro,bueno
515,37,F,2,propio,poco,609,6,carro,bueno
516,40,M,1,propio,poco,1361,6,carro,bueno
517,23,F,2,rentado,poco,7127,36,inmoviliario/equipo,malo
518,43,M,2,propio,moderado,1203,6,carro,bueno
519,36,M,2,gratis,NA,700,6,radio/TV,bueno
520,44,M,2,gratis,poco,5507,24,refacciones,bueno
521,24,F,2,propio,poco,3190,18,radio/TV,malo
522,53,M,2,gratis,poco,7119,48,inmoviliario/equipo,malo
523,23,F,2,propio,moderado,3488,24,carro,bueno
524,26,F,1,propio,poco,1113,18,radio/TV,bueno
525,30,M,2,propio,poco,7966,26,carro,bueno
526,31,F,2,propio,moderado,1532,15,educacion,bueno
527,42,M,1,propio,poco,1503,4,radio/TV,bueno
528,31,M,2,rentado,poco,2302,36,radio/TV,malo
529,41,M,1,propio,poco,662,6,carro,bueno
530,32,M,2,propio,poco,2273,36,educacion,bueno
531,28,F,2,rentado,moderado,2631,15,carro,malo
532,41,M,2,rentado,poco,1503,12,carro,bueno
533,26,M,2,propio,moderado,1311,24,radio/TV,bueno
534,25,M,2,propio,NA,3105,24,radio/TV,bueno
535,33,M,2,rentado,poco,2319,21,educacion,malo
536,75,F,3,propio,NA,1374,6,carro,bueno
537,37,F,2,propio,poco,3612,18,inmoviliario/equipo,bueno
538,42,M,3,gratis,poco,7763,48,carro,malo
539,45,F,1,propio,poco,3049,18,inmoviliario/equipo,bueno
540,23,M,2,rentado,poco,1534,12,radio/TV,malo
541,60,M,2,gratis,poco,2032,24,carro,bueno
542,31,M,2,propio,NA,6350,30,inmoviliario/equipo,malo
543,34,M,1,propio,poco,2864,18,inmoviliario/equipo,malo
544,61,M,1,propio,poco,1255,12,carro,bueno
545,43,M,2,gratis,poco,1333,24,carro,malo
546,37,F,2,propio,poco,2022,24,carro,bueno
547,32,M,2,propio,poco,1552,24,radio/TV,bueno
548,24,F,1,propio,poco,626,12,radio/TV,malo
549,35,M,2,gratis,NA,8858,48,carro,bueno
550,23,F,2,propio,NA,996,12,refacciones,bueno
551,45,M,1,propio,casi rico,1750,6,radio/TV,bueno
552,34,M,2,propio,poco,6999,48,radio/TV,malo
553,27,M,2,propio,moderado,1995,12,carro,bueno
554,67,F,3,propio,poco,1199,9,educacion,bueno
555,22,M,2,propio,poco,1331,12,radio/TV,malo
556,28,F,2,propio,moderado,2278,18,carro,malo
557,29,F,2,propio,NA,5003,21,carro,malo
558,27,M,2,propio,poco,3552,24,inmoviliario/equipo,malo
559,31,M,1,propio,poco,1928,18,inmoviliario/equipo,malo
560,49,M,2,gratis,NA,2964,24,carro,bueno
561,24,M,1,rentado,poco,1546,24,radio/TV,malo
562,29,F,2,propio,poco,683,6,radio/TV,bueno
563,37,M,2,gratis,NA,12389,36,carro,malo
564,37,M,3,propio,NA,4712,24,negocios,bueno
565,23,F,2,rentado,moderado,1553,24,radio/TV,bueno
566,36,M,2,propio,poco,1372,12,carro,malo
567,34,M,2,propio,rico,2578,24,radio/TV,bueno
568,41,M,2,propio,NA,3979,48,radio/TV,bueno
569,31,F,2,propio,poco,6758,48,radio/TV,malo
570,23,F,1,rentado,poco,3234,24,inmoviliario/equipo,malo
571,38,M,2,propio,poco,5954,30,radio/TV,bueno
572,26,F,3,rentado,NA,5433,24,carro,bueno
573,22,F,1,propio,poco,806,15,negocios,bueno
574,27,M,1,propio,poco,1082,9,radio/TV,bueno
575,24,F,2,propio,poco,2788,15,inmoviliario/equipo,bueno
576,27,F,2,propio,poco,2930,12,radio/TV,bueno
577,33,F,2,propio,NA,1927,24,educacion,bueno
578,27,M,2,propio,poco,2820,36,carro,malo
579,27,M,1,propio,poco,937,24,educacion,bueno
580,30,M,2,propio,poco,1056,18,carro,malo
581,49,M,1,propio,poco,3124,12,carro,bueno
582,26,F,2,rentado,poco,1388,9,inmoviliario/equipo,bueno
583,33,M,1,rentado,poco,2384,36,refacciones,malo
584,52,F,3,gratis,NA,2133,12,carro,bueno
585,20,F,2,rentado,poco,2039,18,inmoviliario/equipo,malo
586,36,M,2,rentado,poco,2799,9,carro,bueno
587,21,M,1,propio,poco,1289,12,inmoviliario/equipo,bueno
588,47,M,1,propio,poco,1217,18,usos domesticos,malo
589,60,M,2,propio,poco,2246,12,inmoviliario/equipo,malo
590,58,F,1,propio,poco,385,12,radio/TV,bueno
591,42,F,2,rentado,NA,1965,24,carro,bueno
592,36,F,1,propio,rico,1572,21,negocios,bueno
593,20,F,1,rentado,poco,2718,24,carro,malo
594,40,M,3,propio,NA,1358,24,vacaciones/otros,malo
595,32,F,1,propio,moderado,931,6,carro,malo
596,23,F,2,rentado,poco,1442,24,carro,malo
597,36,M,1,propio,poco,4241,24,negocios,malo
598,31,M,2,propio,poco,2775,18,carro,malo
599,32,M,2,gratis,poco,3863,24,negocios,bueno
600,45,F,2,propio,poco,2329,7,radio/TV,bueno
601,30,F,2,propio,poco,918,9,inmoviliario/equipo,malo
602,34,F,1,gratis,poco,1837,24,educacion,malo
603,28,F,3,propio,poco,3349,36,inmoviliario/equipo,malo
604,23,F,2,propio,poco,1275,10,inmoviliario/equipo,bueno
605,22,M,2,propio,casi rico,2828,24,inmoviliario/equipo,bueno
606,74,M,3,propio,poco,4526,24,negocios,bueno
607,50,F,2,gratis,moderado,2671,36,radio/TV,malo
608,33,M,2,propio,poco,2051,18,radio/TV,bueno
609,45,M,2,gratis,NA,1300,15,carro,bueno
610,22,F,2,propio,moderado,741,12,usos domesticos,malo
611,48,F,1,gratis,moderado,1240,10,carro,malo
612,29,F,2,propio,rico,3357,21,radio/TV,bueno
613,22,F,2,rentado,poco,3632,24,carro,bueno
614,22,F,2,propio,poco,1808,18,inmoviliario/equipo,malo
615,48,M,3,propio,NA,12204,48,negocios,bueno
616,27,M,3,gratis,NA,9157,60,radio/TV,bueno
617,37,M,2,rentado,poco,3676,6,carro,bueno
618,21,F,2,rentado,moderado,3441,30,inmoviliario/equipo,malo
619,49,M,1,propio,poco,640,12,carro,bueno
620,27,M,2,propio,poco,3652,21,negocios,bueno
621,32,M,2,propio,poco,1530,18,carro,malo
622,38,M,2,propio,NA,3914,48,negocios,malo
623,22,F,2,rentado,poco,1858,12,inmoviliario/equipo,bueno
624,65,M,2,gratis,poco,2600,18,radio/TV,malo
625,35,M,2,propio,NA,1979,15,radio/TV,bueno
626,41,M,2,propio,poco,2116,6,inmoviliario/equipo,bueno
627,29,M,2,propio,moderado,1437,9,carro,malo
628,36,M,2,propio,casi rico,4042,42,inmoviliario/equipo,bueno
629,64,M,1,propio,NA,3832,9,educacion,bueno
630,28,F,2,propio,poco,3660,24,radio/TV,bueno
631,44,M,2,propio,poco,1553,18,inmoviliario/equipo,malo
632,23,M,2,propio,NA,1444,15,radio/TV,bueno
633,19,F,2,rentado,poco,1980,9,inmoviliario/equipo,malo
634,25,F,1,propio,poco,1355,24,carro,malo
635,47,M,2,propio,poco,1393,12,educacion,bueno
636,28,F,2,propio,casi rico,1376,24,radio/TV,bueno
637,21,M,2,propio,poco,15653,60,radio/TV,bueno
638,34,F,2,propio,poco,1493,12,radio/TV,bueno
639,26,M,2,propio,poco,4370,42,radio/TV,malo
640,27,F,0,propio,poco,750,18,educacion,malo
641,38,M,1,propio,poco,1308,15,refacciones,bueno
642,40,M,3,propio,moderado,4623,15,educacion,malo
643,33,M,2,propio,poco,1851,24,radio/TV,bueno
644,32,M,3,propio,poco,1880,18,radio/TV,bueno
645,27,M,2,rentado,NA,7980,36,negocios,malo
646,32,M,2,propio,poco,4583,30,inmoviliario/equipo,bueno
647,26,F,2,propio,casi rico,1386,12,carro,malo
648,38,M,2,gratis,poco,947,24,carro,malo
649,40,M,1,rentado,poco,684,12,educacion,malo
650,50,M,3,gratis,poco,7476,48,educacion,bueno
651,37,M,1,propio,poco,1922,12,inmoviliario/equipo,malo
652,45,M,2,propio,poco,2303,24,carro,malo
653,42,M,3,propio,moderado,8086,36,carro,malo
654,35,M,2,propio,poco,2346,24,carro,bueno
655,22,M,2,gratis,poco,3973,14,carro,bueno
656,41,M,1,propio,poco,888,12,carro,malo
657,37,M,2,propio,NA,10222,48,radio/TV,bueno
658,28,F,2,propio,poco,4221,30,negocios,bueno
659,41,M,2,propio,poco,6361,18,inmoviliario/equipo,bueno
660,23,M,2,rentado,poco,1297,12,radio/TV,bueno
661,23,M,2,propio,NA,900,12,carro,malo
662,50,M,2,propio,poco,2241,21,inmoviliario/equipo,bueno
663,35,M,3,propio,poco,1050,6,inmoviliario/equipo,bueno
664,50,F,1,propio,poco,1047,6,educacion,bueno
665,27,M,3,propio,poco,6314,24,vacaciones/otros,bueno
666,34,M,2,propio,rico,3496,30,inmoviliario/equipo,bueno
667,27,F,2,propio,poco,3609,48,negocios,bueno
668,43,M,2,rentado,poco,4843,12,carro,malo
669,47,M,2,propio,poco,3017,30,radio/TV,bueno
670,27,M,1,propio,moderado,4139,24,negocios,bueno
671,31,M,2,propio,moderado,5742,36,negocios,bueno
672,42,M,3,propio,poco,10366,60,carro,bueno
673,24,M,2,propio,casi rico,2080,6,carro,bueno
674,41,M,1,propio,casi rico,2580,21,negocios,malo
675,26,F,3,rentado,poco,4530,30,radio/TV,bueno
676,33,M,2,propio,poco,5150,24,inmoviliario/equipo,bueno
677,24,M,2,propio,moderado,5595,72,radio/TV,malo
678,64,M,1,rentado,poco,2384,24,radio/TV,bueno
679,26,F,2,propio,poco,1453,18,radio/TV,bueno
680,56,F,2,propio,poco,1538,6,educacion,bueno
681,37,M,2,gratis,NA,2279,12,radio/TV,bueno
682,33,M,2,propio,poco,1478,15,radio/TV,bueno
683,47,M,2,gratis,poco,5103,24,radio/TV,bueno
684,31,M,1,propio,moderado,9857,36,negocios,bueno
685,34,M,2,gratis,NA,6527,60,carro,bueno
686,27,M,2,propio,NA,1347,10,radio/TV,bueno
687,30,M,2,gratis,moderado,2862,36,carro,bueno
688,35,M,2,propio,moderado,2753,9,radio/TV,bueno
689,31,M,2,propio,rico,3651,12,carro,bueno
690,25,M,2,propio,poco,975,15,inmoviliario/equipo,bueno
691,25,F,1,propio,moderado,2631,15,refacciones,bueno
692,29,M,2,propio,moderado,2896,24,radio/TV,bueno
693,44,M,1,propio,NA,4716,6,carro,bueno
694,28,M,2,propio,poco,2284,24,radio/TV,bueno
695,50,M,2,rentado,casi rico,1236,6,carro,bueno
696,29,M,2,propio,poco,1103,12,radio/TV,bueno
697,38,F,0,propio,poco,926,12,carro,bueno
698,24,M,2,propio,poco,1800,18,radio/TV,bueno
699,40,M,3,rentado,poco,1905,15,educacion,bueno
700,29,F,1,rentado,casi rico,1123,12,inmoviliario/equipo,malo
701,46,M,2,gratis,poco,6331,48,carro,malo
702,47,F,2,gratis,moderado,1377,24,radio/TV,bueno
703,41,M,2,propio,moderado,2503,30,negocios,bueno
704,32,F,2,propio,poco,2528,27,negocios,bueno
705,35,F,2,gratis,casi rico,5324,15,carro,bueno
706,24,M,2,propio,moderado,6560,48,carro,malo
707,25,F,2,rentado,poco,2969,12,inmoviliario/equipo,malo
708,25,F,2,propio,poco,1206,9,radio/TV,bueno
709,37,M,1,propio,poco,2118,9,radio/TV,bueno
710,32,M,3,propio,casi rico,629,18,radio/TV,bueno
711,35,F,2,gratis,poco,1198,6,educacion,malo
712,46,M,3,propio,NA,2476,21,carro,bueno
713,25,M,1,propio,poco,1138,9,radio/TV,bueno
714,27,M,3,propio,poco,14027,60,carro,malo
715,63,M,2,propio,NA,7596,30,carro,bueno
716,40,M,2,propio,NA,3077,30,radio/TV,bueno
717,32,M,3,gratis,poco,1505,18,radio/TV,bueno
718,31,M,2,propio,NA,3148,24,radio/TV,bueno
719,31,M,2,propio,moderado,6148,20,carro,bueno
720,34,M,3,propio,poco,1337,9,radio/TV,malo
721,24,F,2,rentado,rico,433,6,educacion,malo
722,24,F,1,propio,poco,1228,12,carro,malo
723,66,F,1,propio,casi rico,790,9,radio/TV,bueno
724,21,F,2,rentado,poco,2570,27,carro,malo
725,41,F,1,propio,rico,250,6,carro,bueno
726,47,M,1,propio,casi rico,1316,15,radio/TV,bueno
727,25,F,2,rentado,poco,1882,18,radio/TV,malo
728,59,F,2,rentado,poco,6416,48,negocios,malo
729,36,M,2,propio,rico,1275,24,negocios,bueno
730,33,M,2,propio,poco,6403,24,radio/TV,bueno
731,21,M,1,rentado,poco,1987,24,radio/TV,malo
732,44,F,1,propio,poco,760,8,radio/TV,bueno
733,28,F,2,rentado,rico,2603,24,carro,bueno
734,37,F,2,propio,poco,3380,4,carro,bueno
735,29,F,0,propio,NA,3990,36,usos domesticos,bueno
736,23,F,3,rentado,poco,11560,24,carro,malo
737,35,M,1,propio,moderado,4380,18,carro,bueno
738,45,M,3,propio,poco,6761,6,carro,bueno
739,26,F,1,rentado,moderado,4280,30,negocios,malo
740,32,M,2,propio,moderado,2325,24,carro,bueno
741,23,M,1,propio,poco,1048,10,radio/TV,bueno
742,41,M,2,propio,NA,3160,21,radio/TV,bueno
743,22,M,2,propio,casi rico,2483,24,inmoviliario/equipo,bueno
744,30,M,3,propio,NA,14179,39,inmoviliario/equipo,bueno
745,28,M,1,propio,poco,1797,13,negocios,bueno
746,23,F,2,rentado,poco,2511,15,carro,bueno
747,37,F,1,propio,poco,1274,12,carro,malo
748,26,M,2,propio,NA,5248,21,carro,bueno
749,33,M,2,propio,poco,3029,15,carro,bueno
750,49,F,2,propio,poco,428,6,inmoviliario/equipo,bueno
751,23,F,1,propio,poco,976,18,carro,malo
752,23,F,1,rentado,moderado,841,12,negocios,bueno
753,25,F,2,propio,poco,5771,30,radio/TV,bueno
754,55,M,2,gratis,rico,1555,12,refacciones,malo
755,32,F,2,rentado,NA,1285,24,carro,malo
756,74,M,0,propio,poco,1299,6,carro,bueno
757,39,M,2,gratis,NA,1271,15,radio/TV,malo
758,31,M,2,propio,poco,1393,24,carro,bueno
759,35,M,2,propio,poco,691,12,carro,malo
760,59,F,2,propio,NA,5045,15,carro,bueno
761,24,F,2,rentado,poco,2124,18,inmoviliario/equipo,malo
762,24,M,1,propio,poco,2214,12,radio/TV,bueno
763,30,M,3,gratis,NA,12680,21,carro,malo
764,27,M,2,propio,moderado,2463,24,carro,bueno
765,40,M,1,propio,poco,1155,12,radio/TV,bueno
766,31,M,1,propio,poco,3108,30,inmoviliario/equipo,malo
767,31,F,2,rentado,NA,2901,10,carro,bueno
768,28,M,2,rentado,poco,3617,12,inmoviliario/equipo,bueno
769,63,M,1,propio,poco,1655,12,radio/TV,bueno
770,26,F,2,rentado,NA,2812,24,carro,bueno
771,25,F,3,propio,poco,8065,36,educacion,malo
772,36,M,3,propio,poco,3275,21,carro,bueno
773,52,M,2,propio,moderado,2223,24,radio/TV,bueno
774,66,M,0,gratis,casi rico,1480,12,carro,bueno
775,25,F,2,rentado,NA,1371,24,carro,malo
776,37,M,2,propio,poco,3535,36,carro,bueno
777,25,F,2,propio,poco,3509,18,radio/TV,bueno
778,38,M,3,propio,rico,5711,36,carro,bueno
779,67,F,2,propio,poco,3872,18,refacciones,bueno
780,25,M,2,propio,poco,4933,39,radio/TV,malo
781,60,M,2,propio,rico,1940,24,carro,bueno
782,31,M,1,propio,poco,1410,12,educacion,bueno
783,23,F,1,propio,moderado,836,12,carro,malo
784,60,M,3,propio,NA,6468,20,carro,bueno
785,35,M,1,propio,rico,1941,18,negocios,bueno
786,40,M,2,propio,casi rico,2675,22,radio/TV,bueno
787,38,M,2,propio,NA,2751,48,carro,bueno
788,50,M,2,gratis,poco,6224,48,educacion,malo
789,27,M,2,propio,poco,5998,40,educacion,malo
790,39,F,2,propio,poco,1188,21,negocios,malo
791,41,M,3,propio,NA,6313,24,carro,bueno
792,27,M,2,propio,NA,1221,6,inmoviliario/equipo,bueno
793,51,M,2,gratis,poco,2892,24,inmoviliario/equipo,bueno
794,32,M,2,rentado,casi rico,3062,24,inmoviliario/equipo,bueno
795,22,F,2,rentado,moderado,2301,9,inmoviliario/equipo,bueno
796,51,M,2,gratis,NA,7511,18,carro,malo
797,22,F,1,rentado,poco,1258,12,inmoviliario/equipo,bueno
798,54,M,2,propio,NA,717,24,carro,bueno
799,35,M,0,propio,NA,1549,9,carro,bueno
800,54,M,2,gratis,poco,1597,24,educacion,bueno
801,48,F,1,rentado,poco,1795,18,radio/TV,bueno
802,24,F,2,propio,poco,4272,20,inmoviliario/equipo,bueno
803,35,M,2,propio,NA,976,12,radio/TV,bueno
804,24,F,0,rentado,NA,7472,12,carro,bueno
805,24,M,2,propio,poco,9271,36,carro,malo
806,26,M,1,propio,poco,590,6,radio/TV,bueno
807,65,M,2,propio,NA,930,12,radio/TV,bueno
808,55,M,3,gratis,poco,9283,42,carro,bueno
809,26,F,0,rentado,poco,1778,15,carro,malo
810,26,M,2,propio,poco,907,8,negocios,bueno
811,28,M,1,propio,poco,484,6,radio/TV,bueno
812,24,M,2,propio,poco,9629,36,carro,malo
813,54,M,2,propio,poco,3051,48,usos domesticos,malo
814,46,M,2,gratis,poco,3931,48,carro,malo
815,54,F,2,rentado,poco,7432,36,carro,bueno
816,62,M,2,propio,casi rico,1338,6,usos domesticos,bueno
817,24,F,2,rentado,poco,1554,6,radio/TV,bueno
818,43,M,3,propio,poco,15857,36,vacaciones/otros,bueno
819,26,M,2,propio,poco,1345,18,radio/TV,malo
820,27,M,2,propio,poco,1101,12,carro,bueno
821,24,M,2,propio,poco,3016,12,radio/TV,bueno
822,41,M,2,propio,poco,2712,36,inmoviliario/equipo,malo
823,47,M,1,propio,poco,731,8,carro,bueno
824,35,M,3,propio,poco,3780,18,inmoviliario/equipo,bueno
825,30,M,2,propio,poco,1602,21,carro,bueno
826,33,F,2,rentado,poco,3966,18,carro,malo
827,36,M,2,propio,poco,4165,18,negocios,malo
828,47,M,2,gratis,NA,8335,36,carro,malo
829,38,M,2,gratis,NA,6681,48,negocios,bueno
830,44,M,2,propio,casi rico,2375,24,negocios,bueno
831,23,F,2,rentado,poco,1216,18,carro,malo
832,29,M,2,rentado,poco,11816,45,negocios,malo
833,42,F,2,propio,NA,5084,24,radio/TV,bueno
834,25,F,1,propio,poco,2327,15,radio/TV,malo
835,48,M,2,propio,poco,1082,12,carro,malo
836,21,F,2,propio,NA,886,12,radio/TV,bueno
837,23,F,1,rentado,poco,601,4,inmoviliario/equipo,bueno
838,63,M,2,propio,poco,2957,24,carro,bueno
839,46,M,2,propio,poco,2611,24,radio/TV,bueno
840,29,M,2,propio,poco,5179,36,inmoviliario/equipo,malo
841,28,M,1,propio,poco,2993,21,carro,bueno
842,23,F,2,propio,poco,1943,18,refacciones,malo
843,50,M,2,propio,poco,1559,24,negocios,bueno
844,47,M,2,propio,poco,3422,18,inmoviliario/equipo,bueno
845,35,M,2,propio,NA,3976,21,inmoviliario/equipo,bueno
846,68,M,2,rentado,NA,6761,18,carro,malo
847,28,M,2,propio,poco,1249,24,carro,bueno
848,59,M,2,propio,poco,1364,9,radio/TV,bueno
849,57,M,1,propio,poco,709,12,radio/TV,malo
850,33,M,2,rentado,poco,2235,20,carro,malo
851,43,M,2,propio,NA,4042,24,carro,bueno
852,35,M,2,gratis,poco,1471,15,radio/TV,bueno
853,32,M,1,gratis,poco,1442,18,carro,malo
854,45,M,2,propio,poco,10875,36,carro,bueno
855,33,M,2,propio,moderado,1474,24,carro,bueno
856,40,F,2,propio,NA,894,10,educacion,bueno
857,28,M,2,gratis,poco,3343,15,inmoviliario/equipo,bueno
858,29,F,2,propio,poco,3959,15,carro,malo
859,26,M,2,rentado,moderado,3577,9,carro,bueno
860,27,M,2,propio,rico,5804,24,carro,bueno
861,28,M,2,propio,poco,2169,18,negocios,malo
862,35,F,2,propio,poco,2439,24,radio/TV,malo
863,32,M,1,propio,rico,4526,27,inmoviliario/equipo,bueno
864,25,M,1,rentado,poco,2210,10,inmoviliario/equipo,malo
865,20,F,2,rentado,casi rico,2221,15,inmoviliario/equipo,bueno
866,27,F,2,propio,poco,2389,18,radio/TV,bueno
867,42,M,2,propio,poco,3331,12,inmoviliario/equipo,bueno
868,37,M,2,propio,NA,7409,36,negocios,bueno
869,24,F,2,rentado,poco,652,12,inmoviliario/equipo,bueno
870,40,F,2,propio,casi rico,7678,36,inmoviliario/equipo,bueno
871,46,M,2,propio,poco,1343,6,carro,bueno
872,26,M,2,propio,moderado,1382,24,negocios,bueno
873,24,F,2,propio,NA,874,15,usos domesticos,bueno
874,29,M,1,propio,poco,3590,12,inmoviliario/equipo,bueno
875,40,F,2,propio,rico,1322,11,carro,bueno
876,36,M,3,gratis,poco,1940,18,radio/TV,bueno
877,28,M,2,propio,poco,3595,36,radio/TV,bueno
878,27,M,3,gratis,poco,1422,9,carro,malo
879,36,M,2,propio,NA,6742,30,radio/TV,bueno
880,38,M,3,propio,poco,7814,24,carro,bueno
881,48,M,2,gratis,NA,9277,24,carro,bueno
882,36,M,2,propio,NA,2181,30,carro,bueno
883,65,F,0,propio,poco,1098,18,radio/TV,bueno
884,43,M,2,propio,poco,4057,24,inmoviliario/equipo,malo
885,53,F,2,propio,poco,795,12,educacion,malo
886,34,M,2,propio,NA,2825,24,negocios,bueno
887,23,M,2,propio,poco,15672,48,negocios,malo
888,34,M,3,propio,poco,6614,36,carro,bueno
889,40,M,2,rentado,NA,7824,28,carro,bueno
890,43,M,3,propio,poco,2442,27,negocios,bueno
891,46,M,2,propio,poco,1829,15,radio/TV,bueno
892,38,M,1,propio,poco,2171,12,carro,bueno
893,34,M,2,propio,poco,5800,36,carro,bueno
894,29,M,2,propio,NA,1169,18,radio/TV,bueno
895,31,M,3,propio,NA,8947,36,carro,bueno
896,28,F,3,rentado,poco,2606,21,radio/TV,bueno
897,35,F,2,propio,rico,1592,12,inmoviliario/equipo,bueno
898,33,F,1,rentado,NA,2186,15,inmoviliario/equipo,bueno
899,42,M,2,propio,poco,4153,18,inmoviliario/equipo,malo
900,43,M,2,rentado,poco,2625,16,carro,malo
901,44,M,2,propio,NA,3485,20,carro,bueno
902,42,M,2,gratis,NA,10477,36,carro,bueno
903,40,M,2,rentado,NA,1386,15,radio/TV,bueno
904,36,M,3,propio,poco,1278,24,radio/TV,bueno
905,20,M,3,rentado,poco,1107,12,radio/TV,bueno
906,24,M,1,propio,NA,3763,21,carro,bueno
907,27,M,2,propio,NA,3711,36,educacion,bueno
908,46,F,1,propio,poco,3594,15,carro,bueno
909,33,F,1,propio,NA,3195,9,carro,bueno
910,34,F,2,propio,poco,4454,36,radio/TV,bueno
911,25,F,1,propio,poco,4736,24,inmoviliario/equipo,malo
912,25,F,2,propio,NA,2991,30,radio/TV,bueno
913,28,M,2,propio,rico,2142,11,negocios,bueno
914,31,M,2,rentado,poco,3161,24,negocios,malo
915,32,F,3,propio,poco,18424,48,vacaciones/otros,malo
916,32,M,2,propio,moderado,2848,10,carro,bueno
917,68,M,3,propio,poco,14896,6,carro,malo
918,33,M,2,propio,moderado,2359,24,inmoviliario/equipo,malo
919,39,M,3,rentado,poco,3345,24,inmoviliario/equipo,malo
920,28,F,2,propio,poco,1817,18,inmoviliario/equipo,bueno
921,37,M,3,propio,casi rico,12749,48,radio/TV,bueno
922,22,F,2,rentado,poco,1366,9,radio/TV,malo
923,30,M,2,rentado,poco,2002,12,carro,bueno
924,55,M,2,propio,poco,6872,24,inmoviliario/equipo,malo
925,46,M,2,propio,poco,697,12,carro,malo
926,21,F,2,rentado,poco,1049,18,inmoviliario/equipo,bueno
927,39,M,2,gratis,poco,10297,48,carro,malo
928,58,M,2,propio,NA,1867,30,radio/TV,bueno
929,43,M,1,propio,poco,1344,12,carro,bueno
930,24,M,1,propio,poco,1747,24,inmoviliario/equipo,bueno
931,22,F,2,propio,poco,1670,9,radio/TV,malo
932,30,M,2,propio,poco,1224,9,carro,bueno
933,42,M,2,propio,casi rico,522,12,radio/TV,bueno
934,23,F,2,propio,poco,1498,12,radio/TV,bueno
935,30,M,3,propio,moderado,1919,30,radio/TV,malo
936,28,F,1,propio,poco,745,9,radio/TV,malo
937,30,M,3,rentado,poco,2063,6,radio/TV,bueno
938,42,M,2,gratis,poco,6288,60,educacion,malo
939,46,M,3,propio,NA,6842,24,carro,bueno
940,45,M,3,propio,NA,3527,12,carro,bueno
941,31,M,1,propio,poco,1546,10,carro,bueno
942,31,M,2,propio,NA,929,24,inmoviliario/equipo,bueno
943,42,M,1,propio,poco,1455,4,carro,bueno
944,46,F,2,rentado,poco,1845,15,inmoviliario/equipo,bueno
945,30,F,2,propio,casi rico,8358,48,carro,bueno
946,30,M,2,gratis,casi rico,3349,24,inmoviliario/equipo,malo
947,38,M,3,propio,NA,2859,12,carro,bueno
948,43,M,1,propio,poco,1533,18,inmoviliario/equipo,malo
949,31,M,2,propio,moderado,3621,24,radio/TV,malo
950,40,M,0,propio,poco,3590,18,negocios,bueno
951,24,M,2,propio,poco,2145,36,negocios,malo
952,28,F,2,rentado,casi rico,4113,24,carro,malo
953,26,F,3,propio,poco,10974,36,inmoviliario/equipo,malo
954,29,F,2,propio,poco,1893,12,carro,bueno
955,57,F,3,rentado,rico,1231,24,radio/TV,bueno
956,49,M,1,propio,NA,3656,30,radio/TV,bueno
957,37,M,1,propio,poco,1154,9,radio/TV,bueno
958,45,M,1,propio,poco,4006,28,carro,malo
959,30,M,2,gratis,moderado,3069,24,inmoviliario/equipo,bueno
960,30,M,2,rentado,poco,1740,6,radio/TV,bueno
961,47,M,2,propio,poco,2353,21,carro,bueno
962,29,M,2,propio,NA,3556,15,carro,bueno
963,35,M,2,propio,casi rico,2397,24,radio/TV,malo
964,22,M,1,propio,poco,454,6,refacciones,bueno
965,26,F,2,propio,NA,1715,30,radio/TV,bueno
966,23,M,1,propio,casi rico,2520,27,radio/TV,malo
967,54,F,3,rentado,poco,3568,15,radio/TV,bueno
968,29,M,2,rentado,NA,7166,42,radio/TV,bueno
969,40,M,1,propio,poco,3939,11,carro,bueno
970,22,M,2,propio,moderado,1514,15,refacciones,bueno
971,43,M,1,propio,poco,7393,24,carro,bueno
972,29,F,0,rentado,poco,1193,24,carro,malo
973,36,M,2,rentado,poco,7297,60,negocios,malo
974,33,F,2,propio,poco,2831,30,radio/TV,bueno
975,57,F,1,propio,casi rico,1258,24,radio/TV,bueno
976,64,F,2,propio,poco,753,6,radio/TV,bueno
977,42,M,2,propio,NA,2427,18,negocios,bueno
978,47,M,1,propio,poco,2538,24,carro,malo
979,25,M,2,rentado,moderado,1264,15,carro,malo
980,49,M,2,propio,poco,8386,30,inmoviliario/equipo,malo
981,33,M,3,rentado,poco,4844,48,negocios,malo
982,28,F,3,propio,moderado,2923,21,carro,bueno
983,26,M,2,propio,poco,8229,36,carro,malo
984,30,M,1,propio,poco,2028,24,inmoviliario/equipo,bueno
985,25,F,2,rentado,poco,1433,15,inmoviliario/equipo,bueno
986,33,M,2,propio,poco,6289,42,negocios,bueno
987,64,F,2,propio,moderado,1409,13,radio/TV,bueno
988,29,M,3,gratis,poco,6579,24,carro,bueno
989,48,M,1,propio,poco,1743,24,radio/TV,bueno
990,37,M,1,propio,NA,3565,12,educacion,bueno
991,34,M,1,propio,moderado,1569,15,radio/TV,bueno
992,23,M,1,rentado,NA,1936,18,radio/TV,bueno
993,30,M,3,propio,poco,3959,36,inmoviliario/equipo,bueno
994,50,M,2,propio,NA,2390,12,carro,bueno
995,31,F,1,propio,poco,1736,12,inmoviliario/equipo,bueno
996,40,M,3,propio,poco,3857,30,carro,bueno
997,38,M,2,propio,poco,804,12,radio/TV,bueno
998,23,M,2,gratis,poco,1845,45,radio/TV,malo
999,27,M,2,propio,moderado,4576,45,carro,bueno